<?xml version='1.0' encoding='utf-8'?>
<!DOCTYPE hibernate-configuration PUBLIC
    "-//Hibernate/Hibernate Configuration DTD//EN"
    "http://www.hibernate.org/dtd/hibernate-configuration-3.0.dtd">
<hibernate-configuration>
  <session-factory>
    <property name="connection.url">jdbc:mysql://localhost:3306/rawg_games</property>
    <property name="connection.driver_class">com.mysql.jdbc.Driver</property>
    <property name="connection.username">root</property>
    <property name="connection.password">123456</property>
    <property name="show_sql">true</property>

    <mapping class="org.model.Game"/>
    <mapping class="org.model.Gamegenre"/>
    <mapping class="org.model.GamegenreId"/>
    <mapping class="org.model.Genre"/>
    <mapping class="org.model.Platform"/>
    <mapping class="org.model.Achievement"/>
    <mapping class="org.model.GameplatformId"/>
    <mapping class="org.model.Gameplatform"/>

  </session-factory>
</hibernate-configuration>