<?xml version="1.0" encoding="UTF-8" standalone="no"?>
<personas>
    <persona>
        <nombre>Juana</nombre>
        <apellido1>López</apellido1>
        <apellido2>González</apellido2>
        <edad>25</edad>
        <sexo>Mujer</sexo>
    </persona>
    <persona>
        <nombre>Pepe</nombre>
        <apellido1>López</apellido1>
        <apellido2>López</apellido2>
        <edad>40</edad>
        <sexo>Hombre</sexo>
    </persona>
    <persona>
        <nombre>Juan</nombre>
        <apellido1>González</apellido1>
        <apellido2>González</apellido2>
        <edad>30</edad>
        <sexo>Hombre</sexo>
    </persona>
    <persona>
        <nombre>Luisa</nombre>
        <apellido1>López</apellido1>
        <apellido2>Ibañez</apellido2>
        <edad>40</edad>
        <sexo>Mujer</sexo>
    </persona>
    <persona>
        <nombre>Luis</nombre>
        <apellido1>Gómez</apellido1>
        <apellido2>Ibañez</apellido2>
        <edad>40</edad>
        <sexo>Mujer</sexo>
    </persona>
</personas>